  lèvre,toast,11,1593
trêve,gramme,10,17
gomme,hanche,10,499
lieu,forme,11,1597
nuée,perte,10,80
cloître,gloire,10,346
quille,crêpe,12,1677
flûte,crêpe,11,1468
dieu,gamme,11,1094
race,phase,10,439
secte,vente,11,1577
nuage,nappe,10,569
nuit,quille,10,23
singe,barque,11,1282
chance,transe,10,390
cercle,veste,11,1012
genre,cure,10,422
manche,mouette,10,366
masque,feuille,10,223
poire,bouc,11,984
tact,thème,11,1230
pieuvre,manche,10,377
bûche,drap,10,209
acte,scribe,10,824
truc,secte,10,507
cuisse,vigne,12,1657
crêpe,hache,11,1175
hargne,transe,11,1541
drame,zèle,10,487
gag,trame,11,1185
steak,clope,10,411
grue,crêpe,10,63
prisme,asthme,10,20
aigle,grange,10,265
nacre,fougue,10,420
fraise,luge,10,139
hertz,truc,11,943
siècle,pacte,11,1172
scotch,flamme,10,255
boule,ruche,12,1755
mouche,timbre,11,1119
firme,taxe,11,1633
folk,louange,10,771
louange,vente,11,1278
ambre,mythe,10,271
fuite,clan,11,1517
nymphe,sens,11,1508
tigre,ski,10,435
norme,nuance,10,818
grappe,masque,10,118
dinde,grange,11,1561
doute,tact,9,13
huile,pelle,11,1247
acte,folk,12,1758
culte,taxe,11,1521
herbe,nuit,11,1304
zinc,ligue,10,116
fouet,grotte,10,496
type,trêve,10,538
quartz,flot,11,1084
grange,gant,10,526
lieu,âge,10,687
tort,prisme,11,955
âge,diète,10,742
faute,croupe,12,1661
fugue,nymphe,10,708
quille,bouée,11,1227
chance,prisme,11,1301
dieu,centre,10,804
houle,poigne,10,68
clou,oeil,10,579
nuance,faute,10,295
air,seuil,10,764
diète,tort,10,553
tuile,pelle,12,1763
volt,dose,11,1609
flemme,fuite,10,802
fièvre,cran,10,821
âge,folk,12,1701
foudre,bouc,11,1240
heure,zèle,10,37
poisse,dose,10,596
choix,ruse,11,1447
gloire,hymne,11,1644
fraude,verbe,10,34
herbe,planche,11,1444
science,clan,12,1782
truc,trêve,11,963
stade,griffe,10,384
trame,dose,11,1289
malt,zèle,12,1726
flux,taxe,10,833
perte,prisme,11,1263
rythme,croupe,11,1554
dieu,dette,10,762
gant,âne,10,401
culte,type,10,679
cause,ordre,11,1512
genre,vente,10,688
bouc,sabre,10,290
bec,perle,11,1405
gomme,feutre,11,1653
singe,algue,10,170
taille,norme,11,1619
toast,coude,11,1392
poivre,graine,11,1648
taille,faute,10,503
hymne,charte,11,1539
sens,poigne,10,222
truie,bec,12,1691
feuille,chèque,11,1610
laine,douche,11,1220
croupe,ligue,11,1234
type,taxe,11,1299
tacle,quête,10,285
suite,onde,11,1466
prisme,type,10,283
fuite,chrome,10,50
mouette,guêpe,10,845
flux,fibre,10,326
heure,science,10,768
lèpre,rage,11,1607
brosse,vase,11,1341
tresse,laine,10,902
lèvre,gant,11,1105
flemme,lèpre,11,1058
loi,fuite,11,1542
mangue,chèque,11,1095
toast,grappe,10,862
clan,gain,11,1249
poigne,air,10,320
grappe,truite,11,1550
tacle,hâte,10,514
boule,tronc,10,27
tuile,gorge,11,964
vase,truite,12,1731
vigne,ruche,10,663
poigne,croupe,11,1273
ordre,ruse,10,772
pacte,dogme,10,823
scribe,style,12,1817
clan,norme,10,719
grade,fièvre,11,1228
moufle,cube,11,1225
laine,slip,11,1615
mouche,crabe,11,1525
zone,brèche,10,577
ruche,oeil,10,47
gaufre,tuile,12,1778
pieuvre,cuisse,10,307
mangue,foudre,11,936
huile,parc,10,477
brosse,cube,11,934
truite,clope,10,69
disque,fouet,10,489
vanne,dogme,11,1246
dose,preuve,10,554
fleuve,veste,10,428
luge,chèque,11,1025
gramme,preuve,10,18
tête,coude,12,1819
guêpe,pneu,12,1673
script,cycle,12,1694
style,ordre,11,1587
rythme,taille,10,790
timbre,four,11,927
muse,vrac,10,345
fonte,âme,11,1279
vanne,dieu,11,1505
zèbre,stade,11,1229
truite,cube,11,1197
stade,casque,10,760
style,flemme,10,680
ordre,lieu,10,509
corne,soupe,10,152
mythe,lien,11,1417
tact,brèche,10,115
taxe,quartz,10,344
rythme,rôle,10,815
corne,crêpe,10,841
brèche,gag,10,280
main,singe,11,1628
tort,stress,11,1640
fille,skieur,11,1547
sens,hymne,10,869
gage,type,11,1219
truc,poigne,13,1821
gant,moule,11,1332
bouc,slip,10,127
poigne,loi,11,1478
lièvre,manche,11,1401
poire,torche,11,1425
gaufre,griffe,10,236
mouche,siège,11,1079
poire,tronc,12,1784
luge,chou,11,1280
quiche,bol,10,657
âne,nappe,10,134
chèvre,barbe,10,595
pacte,cycle,10,443
nuit,bec,12,1665
douche,soupe,10,336
flamme,boule,11,1495
prisme,scribe,11,1515
parc,lèvre,12,1795
fièvre,dieu,10,423
gain,doute,10,721
asthme,genre,10,522
gage,heure,10,340
douche,miette,10,148
onde,perte,9,6
nacre,cloître,10,516
science,chose,10,820
houle,hâte,10,461
lèpre,verbe,10,269
dogme,crise,10,616
faute,gloire,10,674
cause,flux,11,1195
poigne,nuée,11,975
trêve,quête,10,867
zèbre,mouette,10,801
bec,couette,11,923
lèvre,lustre,10,619
bulle,ski,10,96
dieu,truc,11,1361
dieu,malt,10,164
bec,skieur,10,44
fugue,thème,10,819
cran,suite,10,834
drap,four,10,703
vrac,ligue,11,989
lieu,fougue,10,126
gorge,mouche,11,1205
lèpre,poigne,11,1335
drame,hargne,10,575
pacte,rage,10,741
mythe,flux,10,750
fraise,clou,11,1062
siège,grue,10,848
soin,vanne,12,1666
onde,script,11,1514
chèque,tigre,10,231
clown,graine,11,977
fille,veste,11,1620
air,volt,10,664
louange,chance,11,1489
couette,grappe,10,55
volt,louange,11,1091
luge,couette,10,451
cible,pacte,10,842
tact,genre,11,1600
poigne,preuve,10,612
timbre,truite,11,1029
quille,cage,12,1745
sabre,ruche,11,1010
dinde,bouée,11,1099
science,nuance,11,1608
perle,gant,11,1068
grange,nuage,10,763
grappe,guêpe,10,650
perle,vitre,10,517
foudre,coude,11,924
ski,âne,10,184
blé,casque,10,232
feuille,cuisse,10,84
veste,bouc,11,1564
zèle,gramme,11,1271
nuage,bague,10,485
lèvre,feuille,10,228
brèche,gain,10,469
crabe,scotch,10,286
vase,algue,11,1432
bague,poule,11,942
soupe,barbe,10,190
drame,poisse,12,1808
fuite,nuée,10,301
cible,moufle,12,1723
gomme,cidre,10,361
feutre,moufle,10,556
moeurs,spasme,10,162
chrome,lieu,11,1150
spasme,ruse,12,1719
gain,transe,11,1182
âge,ruse,11,1254
frange,tête,9,15
vente,taille,11,1627
vrac,zinc,10,825
base,gage,11,1075
bûche,gorge,10,549
culte,flot,10,533
mangue,hanche,10,26
ligue,asthme,10,589
tresse,tête,10,921
pelle,quiche,10,430
hache,frange,11,1290
nuée,phase,11,949
scotch,gorge,10,717
chèvre,flamme,10,415
blé,quiche,10,840
ski,fille,11,1606
skieur,brosse,11,1373
scribe,gamme,11,1300
dette,sens,11,1026
poivre,griffe,11,976
muse,honte,11,1038
spectre,type,11,1390
fille,poire,10,831
brosse,frange,10,896
tresse,fille,11,1654
louange,faute,11,1454
tort,culte,10,532
hache,feutre,11,1295
cure,thème,10,699
mèche,bûche,10,602
rage,nuée,11,1363
clou,cercle,11,1382
cube,fouet,11,1054
chance,air,11,1496
hargne,zèle,11,1614
clan,grade,10,670
siècle,gag,10,441
taxe,membre,10,726
oeil,chiot,11,1531
ordre,tort,11,1388
flûte,trousse,10,712
drame,spectre,11,1538
quête,gré,12,1756
trouille,hertz,11,999
grotte,mouette,10,870
graine,mouche,11,1357
moule,chèvre,10,857
dose,science,10,755
science,trouille,11,1399
clou,manche,11,1580
joute,dette,10,313
cidre,tigre,10,331
quiche,frange,11,1089
zinc,folk,11,959
zone,goût,12,1759
seuil,heure,11,1601
quiche,timbre,10,94
gorge,zèbre,11,1566
script,muse,10,545
thème,vrac,11,1584
hargne,culte,11,1507
tact,seuil,11,1483
ongle,pneu,11,980
style,centre,11,1149
flemme,cran,11,1563
louange,fugue,10,357
cercle,cidre,12,1678
firme,heure,11,1529
gage,truc,10,165
grade,diète,10,199
volt,ligue,10,348
âme,trêve,11,1183
dose,fougue,12,1790
veste,douche,10,161
chiot,gorge,10,256
ski,singe,10,76
vitre,tronc,12,1658
griffe,cercle,11,1165
norme,dette,10,445
manche,truie,11,939
goût,preuve,10,832
gant,singe,11,1173
nuit,vase,10,459
bouc,quiche,11,1463
fille,flamme,10,879
cube,blé,11,1127
blé,clope,11,1569
disque,blé,10,381
perle,bouc,11,970
casque,fleuve,11,1213
vigne,masque,11,981
lustre,hanche,11,1239
cintre,masque,10,720
vrac,flemme,11,1115
gamme,faute,11,1391
cancre,cure,10,581
hargne,truc,12,1679
lièvre,algue,11,1120
bol,hanche,11,1078
nuit,barque,12,1771
hertz,race,11,1151
seuil,dose,10,697
havre,gain,10,213
siège,truie,11,1073
trousse,torche,10,434
crise,ruse,10,393
base,taxe,11,1384
ambre,drame,11,1214
dette,gage,10,830
clope,jupe,10,343
gamme,mythe,12,1699
douche,scotch,12,1669
firme,chose,10,759
mangue,moule,10,662
couette,casque,10,696
grappe,clou,10,103
soin,vrac,12,1767
genre,nuée,10,427
croupe,trêve,10,382
gain,acte,11,1576
mouche,disque,10,81
guêpe,grue,10,288
drap,griffe,11,1436
bol,truite,11,1421
diète,chose,11,1040
phase,frousse,10,494
pneu,cercle,11,1651
doute,cure,10,262
flamme,crabe,10,157
louange,stock,11,997
cube,sucre,11,1639
cause,peine,10,826
lampe,quiche,10,64
luge,gorge,11,1250
houle,gain,10,99
hache,gaufre,11,1030
corne,cuisse,11,1500
guêpe,quille,11,929
main,mouche,10,780
gré,lien,10,588
vigne,lampe,12,1687
diète,joute,11,1021
chips,fouet,11,1130
âge,doute,11,1645
thème,honte,12,1716
frange,graine,11,1076
guêpe,toast,10,158
drame,vanne,11,1065
bouée,ski,11,1526
thème,rage,10,365
gaufre,planche,11,1066
poisse,cycle,9,14
fouet,ongle,11,967
hâte,cycle,10,740
chèvre,poire,9,5
stock,seuil,10,738
hâte,dogme,11,1348
brèche,fibre,11,1193
chèvre,sabre,11,925
cuisse,sucre,11,1376
havre,gage,10,241
bol,cube,10,560
singe,plume,10,335
chose,tacle,10,135
bec,frange,10,132
sens,tonne,10,303
style,muse,10,915
genre,fraude,10,531
siècle,diète,11,1534
trêve,zone,10,796
gorge,toast,10,866
acte,suite,10,853
corne,chiot,11,1238
mouche,stade,11,1402
preuve,soin,11,1546
veste,trousse,11,1339
veste,nappe,10,600
frousse,prisme,11,992
nuance,taxe,10,92
lièvre,herbe,0,1
dose,honte,10,328
âne,tresse,11,1336
gloire,prisme,10,219
script,dieu,11,1582
hâte,âme,11,990
lampe,siège,10,580
crabe,planche,12,1746
cure,hargne,11,1020
gorge,lièvre,11,1298
tigre,bec,10,659
suite,lien,11,1646
rythme,fugue,11,1334
gant,plume,11,1411
axe,cure,11,1233
bille,corne,10,163
hanche,feutre,10,370
ambre,gag,11,926
trèfle,lèvre,11,1104
chance,cancre,10,177
ski,dinde,10,339
havre,perte,10,181
seuil,race,11,1039
bol,huile,11,1641
trousse,drap,11,1558
flamme,cercle,11,1371
lien,cloître,10,214
mèche,cage,11,1283
flamme,lien,11,1377
tuile,four,10,576
quête,frousse,12,1800
pneu,clou,10,641
foudre,niche,11,1431
chose,pacte,10,781
truite,grotte,11,930
phoque,cidre,12,1670
tigre,trèfle,10,453
barbe,cercle,12,1739
pieuvre,douche,10,322
trousse,poivre,11,1187
huître,hache,10,180
slip,bouée,10,709
timbre,cintre,10,95
foudre,poivre,10,86
hanche,cirque,10,625
guêpe,laine,10,226
grue,cage,11,1042
chrome,hargne,12,1725
quiche,cidre,10,777
clope,parc,11,1509
scribe,nuance,10,561
choix,preuve,10,903
lèpre,centre,10,246
type,siècle,10,623
griffe,clope,10,32
casque,bouée,11,1277
torche,skieur,11,1480
scribe,lien,11,1326
axe,gamme,10,620
main,fraise,10,724
chance,asthme,10,636
spectre,soin,10,274
clown,bûche,11,1184
cintre,plume,10,431
chips,phoque,10,444
cran,charte,10,371
gant,guêpe,11,1069
cintre,cuisse,11,948
ongle,fraise,11,1061
trame,vanne,10,247
âge,lèpre,11,1258
chips,huître,10,743
suite,rôle,10,752
acte,brèche,10,203
thème,crise,10,837
laine,lustre,11,1146
dose,hertz,10,464
spasme,firme,12,1773
trame,norme,12,1768
fleuve,lièvre,10,268
fouet,cible,11,1624
dogme,cancre,11,1198
perte,hargne,10,873
fouet,jupe,10,722
truc,quête,10,557
mangue,scotch,12,1715
moule,planche,10,376
havre,tonne,10,546
rythme,zone,11,1005
preuve,loi,10,914
bûche,lustre,11,1170
bille,vigne,12,1728
lien,muse,10,655
lieu,cause,10,559
flot,fugue,10,543
poire,skieur,12,1656
crise,truc,10,216
sens,forme,12,1769
chèque,clou,11,1153
bec,huître,10,606
tacle,dose,10,500
rôle,crise,10,723
bouée,feuille,10,252
coude,drap,10,473
zinc,diète,12,1680
centre,dose,11,1498
chips,dinde,11,1603
zone,axe,11,1504
graine,huître,10,617
sabre,chiot,11,983
suite,stock,10,458
chips,tigre,11,1450
oeil,algue,10,631
soin,tort,10,291
sucre,stade,12,1736
malt,rage,10,479
croupe,stock,10,410
honte,dette,10,874
dogme,lieu,10,747
stade,flamme,10,776
cloître,flux,10,71
thème,membre,11,1256
âme,pacte,11,1492
cure,verbe,10,353
fraude,soin,11,1285
tête,cidre,10,474
moeurs,gré,12,1747
air,nymphe,10,660
pacte,âge,10,733
mouette,pneu,11,1389
blé,phoque,11,941
script,vanne,10,711
niche,chèvre,11,1148
quartz,dose,11,1096
muse,fibre,11,1006
moeurs,fièvre,12,1704
masque,planche,11,1370
coude,cidre,11,1180
siège,frange,10,594
folk,phase,10,506
bille,mèche,11,1422
hertz,sens,11,1589
bol,chèvre,11,1393
axe,clown,10,424
plume,chou,10,369
skieur,tigre,10,58
choix,fièvre,10,678
singe,drap,10,41
nappe,dinde,10,838
vrac,spasme,11,1488
flemme,croupe,11,1070
chiot,quille,10,54
herbe,trousse,11,1100
poivre,chou,10,871
planche,foudre,11,1092
faute,rôle,11,1592
frange,cercle,10,613
âme,hertz,11,1272
casque,steak,10,189
flèche,moule,10,398
flux,style,11,1287
coude,cirque,10,449
trèfle,niche,10,46
chose,centre,9,10
manche,slip,10,865
seuil,doute,10,715
niche,tresse,12,1696
chèque,bûche,10,701
perle,singe,11,1248
phase,heure,11,1570
bague,dinde,10,803
moeurs,stress,10,185
fraude,culte,11,1359
dette,ambre,10,416
nappe,miette,10,913
four,sabre,11,1354
couette,main,11,1418
feutre,stade,10,174
crêpe,oeil,10,90
peine,truie,11,1315
tigre,douche,12,1664
corne,feuille,11,1366
bulle,main,10,281
goût,verbe,10,433
ambre,tort,12,1671
fraise,soupe,10,792
chose,suite,10,864
forme,frousse,10,567
tête,siège,11,1232
blé,chips,12,1803
gant,mangue,10,624
rage,forme,10,640
rage,norme,10,590
clope,dinde,10,412
zèle,sens,11,1573
tronc,chèvre,11,1237
timbre,nuage,11,1204
scotch,toast,11,1590
vigne,poire,12,1815
guêpe,flèche,10,333
masque,bouée,10,693
taxe,joute,10,130
membre,quête,10,534
onde,style,12,1777
clou,grue,10,551
huile,barbe,11,1441
lampe,manche,10,419
onde,zone,11,1252
mouette,barque,10,876
siège,feuille,10,138
parc,pieuvre,10,97
gag,acte,11,1618
chance,fièvre,10,737
cible,huile,11,1121
culte,truc,12,1714
nymphe,nuance,11,1196
transe,script,10,391
choix,secte,10,843
script,fibre,11,1159
feutre,boule,10,244
vente,flot,10,201
nuage,tresse,12,1693
fille,gomme,11,1251
tacle,fougue,11,1461
cure,tact,10,263
rôle,base,10,749
corne,bulle,10,355
tête,parc,10,278
fraude,âme,10,798
quille,mouette,10,61
ruche,algue,10,153
membre,havre,10,583
flemme,genre,10,240
stock,fraude,10,675
casque,poule,11,1139
hâte,charte,10,85
clope,boule,10,746
race,joute,11,1286
graine,bol,10,761
lieu,peine,11,1307
quille,bec,11,1423
grange,guêpe,10,668
croupe,flux,10,289
faute,âge,10,765
nuance,air,10,690
mouette,fraise,11,1112
sucre,pelle,10,515
sabre,masque,10,878
grange,steak,11,1506
chiot,ruche,10,775
loi,heure,10,702
gag,race,10,192
slip,clown,12,1762
cuisse,drap,10,646
chrome,loi,12,1659
vente,cure,10,562
hanche,torche,12,1697
barbe,zèbre,11,945
flux,folk,12,1718
lampe,cirque,10,828
chrome,nacre,11,1594
gramme,genre,11,1226
vanne,mythe,10,521
nuée,gain,10,36
charte,suite,11,1471
main,nuage,12,1721
steak,bouée,11,1138
sens,base,10,852
verbe,gain,10,512
chips,poule,11,1453
truc,croupe,11,994
ongle,foudre,12,1690
nacre,sens,10,296
bec,trousse,11,932
prisme,gré,10,220
type,science,10,811
brosse,phoque,11,1077
casque,soupe,10,389
douche,oeil,12,1712
sabre,sucre,11,1028
firme,cancre,11,1324
bague,bouc,11,1023
trouille,stock,11,1499
lèvre,pelle,11,1085
gag,goût,11,1000
chiot,timbre,10,60
crise,cancre,10,839
tact,trame,10,482
crise,chance,10,779
goût,siècle,11,1481
trèfle,flûte,10,611
taille,fugue,11,1190
fugue,clan,11,1426
barque,grue,10,773
genre,faute,11,1528
forme,chose,10,889
chips,moufle,12,1757
tresse,bol,11,995
trame,seuil,12,1713
asthme,stock,10,356
clown,trèfle,11,1362
trouille,type,10,587
spasme,acte,10,447
lampe,singe,11,1281
dieu,crise,11,1634
poisse,heure,10,524
ordre,goût,10,74
jupe,cible,10,468
chou,vigne,11,1565
boule,pelle,9,9
joute,vanne,10,812
ongle,soupe,11,1323
herbe,miette,11,1465
crêpe,trousse,10,49
fugue,poisse,11,1560
flemme,gramme,10,490
tête,luge,12,1734
planche,sabre,10,615
luge,trèfle,11,1063
couette,niche,11,1605
malt,ambre,11,1588
acte,flux,11,1167
goût,houle,11,1267
perle,quille,11,1206
moeurs,mythe,10,810
nymphe,cloître,10,437
lien,scotch,10,881
lèpre,grade,10,154
truc,charte,10,598
axe,chance,10,608
membre,culte,11,1556
douche,pelle,11,1022
disque,barque,11,1235
drame,type,11,1222
flot,secte,10,648
flot,ordre,10,643
mythe,forme,11,1562
algue,boule,10,207
rôle,ordre,12,1764
trame,fibre,12,1787
tacle,lèpre,10,536
gré,honte,10,618
lèpre,moeurs,10,592
mangue,niche,10,67
laine,brosse,10,789
air,grade,10,182
hertz,score,12,1781
grappe,mangue,10,890
moufle,clope,11,1019
stress,dogme,10,700
gaufre,bague,11,1123
gaufre,douche,11,960
stress,mythe,11,1045
norme,spasme,11,1007
honte,dieu,11,1449
charte,muse,10,319
feuille,drap,11,1174
gage,cancre,11,1313
timbre,corne,10,117
trouille,faute,10,788
tête,fraise,10,211
dose,chance,12,1760
flûte,fouet,10,294
cage,siège,10,362
secte,spectre,10,784
zèle,nuance,12,1765
tonne,secte,11,1166
graine,pieuvre,10,359
flux,honte,10,312
feuille,crabe,10,48
tuile,corne,10,39
main,nappe,10,471
moule,pneu,10,100
charte,flemme,10,372
tuile,nappe,11,933
cure,fougue,11,1108
folk,poisse,10,73
hymne,acte,12,1796
lièvre,flûte,10,109
frousse,flemme,10,40
griffe,barque,10,45
race,zinc,11,982
pneu,chiot,10,373
barbe,sabre,11,1585
huître,boule,11,1456
huile,cintre,11,1179
nuage,casque,11,1404
nuance,cycle,11,1131
grue,disque,10,254
phase,joute,10,196
malt,forme,11,962
lustre,gaufre,10,266
fougue,dogme,11,1101
charte,tort,10,166
singe,grappe,10,212
four,torche,10,849
hache,gant,10,778
aigle,douche,10,405
transe,croupe,11,953
coude,pieuvre,10,179
poigne,lien,11,1611
toast,pneu,10,403
verbe,taxe,11,1016
quête,gramme,10,483
rôle,thème,10,911
cuisse,quille,10,530
cycle,lieu,10,272
doute,trouille,10,880
tronc,fille,10,795
vitre,stade,12,1720
herbe,cuisse,10,321
gag,flemme,11,1082
huître,vitre,10,206
skieur,ongle,11,1060
cercle,huile,10,440
huile,feuille,12,1809
sabre,mèche,10,685
clan,truc,10,564
gloire,doute,10,894
lèvre,moufle,11,1523
thème,stress,12,1752
cause,cancre,10,501
dogme,honte,11,1379
houle,nuance,10,56
norme,quête,11,1520
lièvre,moule,11,1446
axe,siècle,11,1216
algue,tuile,11,1057
tort,firme,11,1330
gomme,tête,11,1310
crise,drame,11,1647
gomme,manche,11,1124
fraude,asthme,12,1655
poivre,disque,10,131
tuile,bec,11,1081
nymphe,onde,10,510
air,âme,10,782
heure,peine,11,1451
base,mythe,11,1312
tronc,lustre,11,1294
prisme,hymne,10,457
plume,hache,10,167
cloître,taille,11,944
trame,gloire,11,1192
axe,goût,10,186
trèfle,quille,10,147
dogme,seuil,10,528
fougue,gag,10,426
crise,style,11,1018
pneu,mèche,10,465
chose,fugue,11,1487
feuille,foudre,10,462
gage,trame,11,1434
trèfle,âne,10,505
âne,flèche,10,324
fraise,planche,10,525
centre,trame,10,374
poisse,phase,10,308
bille,blé,11,1152
muse,hertz,10,498
cycle,ordre,10,754
gramme,cran,11,1473
tonne,gage,11,1176
tuile,tresse,12,1674
cirque,bûche,11,1043
toast,mèche,11,1093
fraise,gomme,9,8
base,poisse,10,282
feuille,poivre,11,1260
spectre,muse,10,497
doute,cloître,11,1128
zèle,fibre,10,239
ongle,disque,11,1002
hâte,doute,11,1586
cirque,truie,10,728
grappe,chèvre,11,1345
cube,pieuvre,11,1374
hertz,moeurs,10,129
vase,singe,10,35
choix,centre,11,1397
cuisse,couette,10,745
goût,score,10,260
vrac,fraude,10,481
mouette,flamme,10,87
rôle,havre,12,1681
hanche,cube,10,101
vanne,stock,10,599
rôle,lien,11,1553
volt,spectre,10,642
chrome,volt,11,1439
guêpe,coude,11,957
fibre,hymne,10,302
prisme,score,10,571
niche,vase,10,541
blé,vase,10,628
choix,tacle,10,476
onde,chrome,12,1798
ruse,honte,11,1621
planche,main,10,735
quête,script,10,429
quête,nuance,10,718
dogme,verbe,12,1688
ambre,loi,11,931
race,charte,11,1494
frousse,hargne,12,1810
phase,trame,11,1381
loi,poisse,12,1738
lèvre,grappe,11,1107
clope,fraise,11,1074
feutre,lampe,11,1386
pieuvre,quiche,11,1147
boule,casque,11,1583
gaufre,mouette,10,460
brèche,race,11,1090
ligue,taxe,11,1503
nappe,huile,11,1519
corne,slip,11,1429
charte,vanne,10,277
fièvre,lieu,11,1011
zone,vente,10,593
mèche,niche,10,404
ongle,grappe,12,1730
barque,herbe,11,1125
nuit,hanche,10,472
parc,phoque,10,744
trêve,hâte,10,666
dinde,four,10,922
loi,âge,11,1636
bouée,guêpe,10,91
feutre,aigle,10,156
gomme,chiot,10,168
forme,trame,10,537
gamme,forme,11,1557
gramme,âge,9,12
goût,perte,10,855
bague,vitre,11,1459
steak,nuit,10,306
cintre,chèvre,11,988
poivre,timbre,10,520
four,corne,10,488
fonte,norme,12,1754
bûche,disque,11,1129
taxe,scribe,11,1532
moufle,lièvre,10,142
manche,bague,11,1168
coude,bol,10,555
miette,mouche,11,1630
crabe,veste,11,928
truite,cintre,10,446
disque,nuit,11,1595
race,fièvre,11,1088
charte,soin,11,1490
flux,suite,12,1753
singe,tête,12,1805
centre,cause,10,448
croupe,âme,11,1257
cage,poire,11,996
trêve,peine,10,568
cancre,choix,10,644
perle,crêpe,10,394
mangue,ruche,10,397
vrac,hâte,10,774
tronc,âne,12,1785
boule,zèbre,11,1368
base,fièvre,11,1303
torche,drap,11,1568
nappe,chou,10,651
gré,âge,11,1327
chips,casque,10,378
fraise,poivre,10,895
seuil,choix,10,783
moufle,clown,11,1387
forme,race,10,731
mythe,axe,11,1048
trouille,flux,12,1663
main,lèvre,10,909
fonte,vente,12,1706
fibre,air,11,1428
firme,asthme,10,104
score,volt,10,860
taxe,lèpre,10,563
zèle,race,11,1358
mouette,timbre,10,217
zinc,peine,10,42
clope,four,10,364
cause,nymphe,10,230
nuage,flèche,11,1347
flamme,frange,11,1046
taille,moeurs,10,486
clan,gré,11,1485
fille,steak,12,1744
clou,truite,10,235
fonte,script,10,337
stock,membre,11,1169
gré,trouille,10,658
gomme,cirque,10,107
cidre,nappe,11,1098
soupe,nuit,10,836
disque,feuille,10,603
dinde,vitre,10,629
nuit,clope,11,1613
spectre,science,11,1631
zèbre,grotte,10,191
crabe,crêpe,11,1413
muse,flemme,10,334
cintre,miette,11,1264
niche,parc,10,846
fonte,fougue,11,1448
drap,moule,11,1353
flot,flemme,11,1318
norme,ordre,11,1635
drame,folk,11,1533
transe,preuve,12,1737
foudre,cirque,10,183
bec,vigne,11,1476
casque,mouette,10,467
secte,base,10,770
flot,script,10,751
skieur,grue,11,1343
fibre,taille,10,463
nuance,score,11,1408
algue,scotch,11,973
veste,tresse,10,627
folk,havre,11,1202
vente,asthme,11,1536
lièvre,jupe,12,1695
culte,fuite,11,1111
clope,mangue,10,396
centre,siècle,9,11
bague,corne,10,645
âne,sucre,11,1288
phoque,vase,11,1163
joute,thème,10,610
chance,scribe,10,70
choix,brèche,11,1276
tresse,jupe,10,899
truie,griffe,12,1662
trame,zinc,10,734
peine,dette,10,892
douche,chèque,10,406
cidre,ongle,11,979
plume,bulle,10,656
frange,quille,10,66
steak,guêpe,10,585
croupe,centre,11,1416
quille,gaufre,11,1027
fleuve,coude,10,586
base,scribe,10,82
fouet,âne,10,704
dogme,cycle,10,399
secte,trame,11,1221
cube,jupe,11,986
cercle,aigle,10,332
trame,moeurs,10,671
pacte,perte,10,622
gramme,spasme,11,1013
drap,siège,10,868
ongle,poule,10,218
nuée,hertz,11,954
pelle,chou,10,727
membre,cran,11,1351
foudre,bulle,11,1407
gré,tonne,10,330
bûche,vigne,10,584
score,norme,10,883
miette,masque,10,314
tact,trouille,10,634
quartz,frousse,11,972
forme,moeurs,11,1110
barque,barbe,10,145
aigle,dinde,10,907
huître,mangue,11,1596
parc,miette,10,758
nymphe,seuil,11,1144
poisse,tacle,10,793
cirque,bulle,12,1682
forme,soin,12,1812
bulle,parc,11,1420
ligue,genre,10,667
lieu,trouille,10,844
axe,clan,10,292
nuée,cran,11,1164
couette,torche,11,1325
fugue,onde,10,315
volt,âme,11,1575
verbe,phase,11,1516
veste,algue,10,172
parc,timbre,10,194
pelle,mangue,11,1194
skieur,clown,11,1435
disque,perle,10,24
peine,stress,10,898
soin,faute,11,1552
tacle,gag,10,523
hymne,lieu,11,1527
trousse,moule,10,208
vigne,griffe,11,1051
chèvre,pneu,10,72
flûte,chiot,11,1199
miette,gomme,12,1789
hertz,gramme,10,901
score,nuée,11,1243
zèbre,nuage,10,106
poule,cidre,10,279
ruse,joute,10,442
pneu,barque,11,1305
seuil,croupe,10,173
gage,script,11,1050
hargne,preuve,10,609
ski,tresse,12,1727
laine,bec,12,1733
cran,nymphe,11,1241
âge,phase,11,1626
cause,air,11,1041
gloire,dogme,12,1772
folk,scribe,10,300
pelle,toast,10,484
crise,tact,11,1551
grotte,pieuvre,11,1311
rage,nacre,11,965
bec,clou,10,62
houle,trêve,11,1154
cintre,lampe,10,769
bouée,cible,11,1253
spectre,membre,12,1779
firme,air,10,570
masque,slip,10,565
tonne,doute,12,1698
poigne,ligue,11,1268
trêve,folk,11,1003
chose,cycle,11,1217
style,houle,10,224
cloître,peine,10,375
chiot,gaufre,12,1705
cirque,cintre,10,273
honte,secte,11,1581
hanche,brosse,11,1162
singe,bille,10,317
houle,science,10,111
charte,siècle,10,863
vente,prisme,10,456
vrac,science,11,1360
trèfle,fouet,11,1265
poigne,louange,11,1457
nacre,cause,11,966
zèle,transe,12,1788
cintre,nuit,11,1292
chiot,vitre,11,1412
hymne,poisse,10,83
frousse,chrome,10,144
siège,grotte,11,1103
taxe,fonte,10,93
zèbre,veste,10,672
jupe,fraise,11,1396
brèche,poigne,10,19
fonte,cloître,11,1053
mouche,parc,10,816
soin,ambre,12,1722
rythme,cran,11,1224
fibre,fonte,11,1458
grange,bouc,11,1638
aigle,brosse,11,1086
vitre,axe,12,1786
stress,hertz,11,1352
gag,tonne,10,136
zinc,verbe,10,238
trousse,pieuvre,11,1072
cidre,lustre,11,1114
tuile,fleuve,11,1015
hargne,joute,10,757
genre,siècle,10,552
chou,truite,11,1543
nymphe,vrac,10,178
firme,tacle,11,1331
moufle,crabe,12,1780
science,hâte,10,817
vitre,cuisse,11,938
plume,corne,10,707
perte,suite,11,1118
algue,fraise,11,1477
chou,ski,10,205
soupe,chips,11,1652
cage,bouée,12,1729
poule,bille,11,1122
nuance,culte,11,1617
manche,perle,11,1314
cran,ligue,10,466
flux,script,0,2
crabe,bol,12,1717
cage,nuit,11,1474
brèche,vente,10,573
poire,graine,11,1632
feutre,truite,10,52
trouille,phase,12,1751
pacte,taille,10,245
flamme,cintre,11,1350
pelle,chiot,11,1142
havre,spectre,11,1337
phoque,moufle,10,887
flûte,veste,10,387
fouet,blé,10,417
herbe,grange,10,886
ruse,grade,10,756
clown,parc,11,1403
joute,âme,10,221
fuite,chance,11,1574
loi,frousse,10,176
siège,slip,11,1599
cuisse,tresse,10,684
niche,herbe,10,912
bûche,cage,10,409
lien,siècle,10,253
poivre,gaufre,10,847
ski,cage,10,493
verbe,loi,11,1579
dinde,cintre,11,961
grue,hache,11,1522
moeurs,vanne,11,1317
oeil,laine,11,1145
clown,tigre,11,1643
lèpre,malt,11,1080
brosse,toast,10,492
huître,lampe,10,418
asthme,score,10,21
nuée,hargne,10,38
cause,gage,11,1602
nappe,brosse,11,1244
forme,charte,10,683
four,mouette,10,16
planche,trèfle,10,146
veste,tronc,10,800
barque,zèbre,11,1097
hanche,sucre,10,251
nappe,slip,10,797
grade,joute,10,452
rôle,gré,11,1319
folk,gramme,10,327
vase,grotte,11,1270
preuve,ambre,10,654
ski,lèvre,10,706
miette,gant,11,1296
drap,tigre,10,75
cible,hanche,11,1211
onde,fuite,11,1255
graine,âne,10,851
flot,tact,10,304
dette,onde,10,518
transe,ambre,12,1709
bague,quiche,10,305
quête,fougue,12,1783
gamme,secte,11,946
moule,clou,10,89
chèque,crêpe,12,1672
mèche,flûte,11,1009
goût,tact,12,1793
honte,lieu,12,1748
jupe,four,11,1191
trousse,chou,10,159
rage,soin,10,676
honte,air,12,1686
suite,malt,11,947
gramme,malt,11,1513
stress,gamme,9,4
zèbre,quiche,12,1684
vitre,douche,11,1637
vente,diète,10,714
tigre,gant,11,1210
gloire,stress,10,904
doute,ordre,11,1578
foudre,tronc,10,822
nacre,choix,10,198
truite,nuit,11,1200
jupe,bûche,10,105
niche,grappe,10,28
perte,cause,11,1598
heure,tort,11,1291
perte,fugue,10,920
plume,barque,11,1316
cloître,muse,10,329
oeil,fille,10,893
volt,vrac,11,1209
frousse,truc,11,1369
luge,steak,10,79
fougue,asthme,11,1467
zèbre,sucre,11,1141
barque,toast,10,150
clown,grue,10,29
perte,volt,10,729
casque,lampe,11,1385
ski,hanche,10,891
stade,fleuve,10,386
scribe,gramme,10,113
fougue,nymphe,10,607
ruse,centre,10,408
membre,tort,12,1741
gré,style,10,677
scribe,zone,11,1342
truie,flèche,11,1207
ambre,secte,12,1708
grange,foudre,11,1518
vigne,disque,10,98
drap,flamme,10,392
peine,stock,10,635
planche,bague,10,267
couette,steak,11,940
flot,zèle,11,1437
perle,poivre,10,284
pieuvre,quille,11,1161
gamme,cloître,10,59
tonne,fraude,10,438
moeurs,preuve,11,1274
fleuve,singe,10,197
vitre,truie,10,133
bol,tête,11,1452
transe,ruse,10,215
jupe,trousse,11,1322
cage,mangue,11,935
stress,choix,12,1816
vigne,lièvre,12,1749
quille,bouc,11,993
sens,taille,10,351
ligue,dette,10,604
air,lèpre,11,1380
flemme,taille,11,1223
suite,siècle,10,323
rythme,nymphe,11,1460
stock,diète,10,875
huile,cuisse,10,827
soupe,cible,10,395
âne,oeil,10,705
asthme,dieu,11,1132
ordre,hymne,12,1776
griffe,laine,11,1158
bouée,brosse,10,739
gamme,seuil,11,1414
seuil,secte,11,1033
sucre,graine,11,1623
pneu,coude,10,141
race,cause,10,732
tigre,aigle,10,919
genre,culte,11,1591
soin,rythme,10,210
zinc,crise,10,367
prisme,pacte,10,257
boule,clou,11,1372
poivre,slip,10,187
muse,base,11,937
vase,four,10,413
cure,zone,11,1409
cause,clan,12,1799
thème,muse,12,1791
four,luge,11,1218
joute,fonte,11,1083
gramme,ambre,12,1735
brosse,herbe,11,1415
cycle,quartz,11,1004
fuite,flux,10,692
sabre,oeil,11,1116
trouille,zone,10,649
lustre,barbe,11,1231
dette,brèche,11,1383
crêpe,grange,11,1143
gage,ligue,10,225
toast,fille,12,1660
diète,fuite,12,1692
cercle,main,10,119
laine,jupe,10,917
type,clan,10,748
cidre,flamme,11,1140
score,âge,10,858
ruche,mèche,11,1032
pacte,flot,11,1530
doute,thème,11,1555
niche,trousse,10,597
drame,honte,11,1642
cran,firme,12,1794
hargne,scribe,10,511
bûche,chips,10,807
brosse,foudre,11,1156
vanne,grade,10,542
bague,tronc,12,1742
fugue,cure,11,1201
base,quête,12,1689
chou,flèche,10,229
faute,sens,11,1464
sucre,gomme,10,400
oeil,huître,12,1667
nacre,doute,11,1001
gag,vrac,11,968
douche,poire,11,1445
moule,âne,10,360
gamme,perte,11,1340
mythe,vente,10,425
quartz,stock,10,614
bulle,clou,12,1685
vente,chance,12,1807
taille,quartz,10,877
coude,cintre,12,1710
dette,fugue,10,813
grotte,truie,10,227
dinde,luge,10,653
planche,flamme,10,637
timbre,lèvre,11,1511
disque,coude,11,1008
grotte,cercle,11,1188
peine,style,10,43
guêpe,nuage,10,785
chrome,houle,10,25
lien,cible,10,872
gant,cube,10,65
fibre,chose,10,698
chèvre,main,10,297
zone,pacte,11,1321
grue,ski,10,275
grange,clown,10,450
ordre,tacle,10,33
gloire,gré,10,299
oeil,perle,11,1549
axe,ambre,12,1703
gamme,trêve,10,249
hargne,gage,11,1259
cloître,houle,10,318
frange,poivre,10,30
griffe,chips,10,234
transe,fonte,11,1394
parc,fleuve,11,1559
algue,chips,10,725
grade,pacte,11,1160
soupe,fleuve,11,1493
hache,miette,10,686
barbe,chou,12,1711
barbe,truie,11,1034
grade,âme,10,540
flamme,cible,10,665
bulle,nappe,10,630
lampe,mouche,12,1775
hache,cirque,10,51
verbe,acte,10,910
fuite,rôle,10,354
âme,goût,11,1242
tresse,grange,11,950
cible,timbre,10,151
barbe,casque,10,388
miette,pneu,10,112
cycle,zinc,11,1400
malt,asthme,12,1675
air,hargne,11,1215
hache,vigne,10,766
tact,science,10,432
planche,singe,10,626
huile,casque,10,57
lustre,hache,11,1443
diète,tact,11,1328
zone,dette,10,504
flèche,lampe,12,1702
quartz,axe,11,1133
skieur,feutre,11,1308
gramme,type,11,1398
spasme,tort,11,1364
corne,miette,10,681
nacre,dieu,11,1329
quartz,rythme,11,1113
aigle,mèche,10,200
tort,gramme,11,1052
vitre,torche,10,242
preuve,nuée,10,195
cancre,nymphe,10,78
cidre,main,12,1801
feuille,flûte,11,1406
stade,chèvre,10,791
fougue,culte,11,1424
griffe,bille,10,125
foudre,barbe,11,1367
spectre,style,11,971
loi,dose,11,1535
mouche,trèfle,11,1430
graine,perle,12,1813
spasme,hymne,10,188
grappe,barque,11,974
hertz,axe,10,582
steak,lèvre,10,787
ruche,flûte,10,237
nappe,nuit,10,695
vase,tuile,11,1378
poule,flèche,11,998
grotte,mangue,10,243
lièvre,feutre,11,1344
rôle,zinc,11,1356
chiot,trèfle,10,169
gorge,clown,11,1612
quiche,algue,11,1470
siècle,cran,10,108
chèque,fleuve,11,1275
cancre,rage,10,730
trouille,drame,11,1629
frange,chèque,10,519
cran,genre,11,1365
truie,ongle,11,1017
tonne,rôle,11,1355
ruse,tacle,11,1572
zèle,gamme,10,270
torche,feutre,10,31
truite,laine,10,160
grotte,sabre,11,1266
goût,dette,10,347
aigle,soupe,11,969
plume,herbe,10,673
diète,quartz,10,53
mèche,crêpe,11,1346
pelle,bulle,10,22
gomme,phoque,11,1071
nuance,gain,11,1137
fraise,siège,11,985
chose,tact,11,1036
griffe,tête,10,601
score,onde,10,694
hymne,gag,11,1059
barque,ruche,11,1067
scotch,nuage,11,1284
tresse,lampe,10,363
trèfle,perle,10,885
score,rythme,10,808
pieuvre,gaufre,11,952
louange,race,10,566
gorge,frange,11,1524
honte,gage,11,1548
slip,plume,9,7
cube,flèche,10,861
truite,fouet,10,368
taxe,forme,11,1427
louange,loi,10,548
chèque,moule,10,470
âne,niche,11,1540
fleuve,couette,10,652
verbe,tacle,11,1126
mèche,bague,11,1208
flux,firme,11,1395
fougue,flux,11,1482
trêve,hymne,11,1475
mèche,gomme,10,123
siècle,dogme,10,806
fièvre,drame,10,716
gorge,bille,10,639
culte,tonne,10,669
vitre,siège,12,1802
chou,gomme,11,1186
flèche,crabe,10,77
dette,nacre,10,259
fraise,corne,11,1031
sucre,mangue,10,916
crabe,cible,10,638
truie,four,10,502
suite,nacre,11,1102
spectre,stress,10,310
four,bol,11,1625
cuisse,skieur,11,1491
truc,lèpre,11,1047
manche,chèque,10,338
steak,trèfle,10,495
steak,lièvre,11,1622
huître,skieur,10,547
tigre,brosse,11,1064
manche,lustre,10,508
oeil,bol,10,572
flèche,bec,11,1469
preuve,folk,11,991
phase,hymne,11,1440
moufle,poivre,13,1820
onde,chose,11,1177
faute,chance,11,1269
bouc,laine,11,1616
bouc,dinde,12,1814
dinde,trousse,10,352
houle,flemme,10,380
skieur,spasme,10,383
script,volt,12,1668
stade,plume,11,958
cage,barbe,11,1178
ligue,lieu,10,248
ruse,charte,10,605
cancre,fièvre,11,1024
rythme,zèle,12,1792
grotte,veste,11,1472
suite,faute,10,287
crabe,herbe,10,193
bûche,flûte,10,835
rage,fugue,11,1484
diète,seuil,12,1766
couette,ruche,12,1724
clou,luge,10,535
pneu,graine,11,1297
scotch,tuile,10,550
heure,genre,10,341
jupe,gomme,10,233
fonte,score,11,956
nuage,poivre,10,633
niche,coude,10,88
charte,type,10,859
style,score,11,1433
cirque,quiche,11,978
centre,peine,10,102
frousse,cloître,10,293
vente,gag,10,114
nuage,lièvre,10,309
huître,cirque,11,1410
lien,diète,11,1302
croupe,dogme,9,3
ruche,cage,10,906
grotte,pelle,11,1545
frousse,race,10,316
cirque,herbe,11,1501
verbe,zèle,10,578
chèque,poire,10,110
zèle,nuée,11,1056
volt,membre,11,1157
bille,manche,11,1035
main,chou,11,1497
quête,tonne,11,1109
clou,phoque,11,1155
poisse,centre,11,1375
chèvre,huile,11,1419
cidre,huître,10,900
gain,loi,11,1571
vanne,âge,12,1774
diète,scribe,11,1349
nymphe,verbe,10,261
lustre,grue,11,1245
clown,aigle,10,475
ligue,choix,10,574
tact,malt,11,1087
masque,nappe,10,544
secte,moeurs,12,1811
preuve,rythme,10,342
cure,skieur,10,513
asthme,trêve,12,1707
acte,phase,10,691
brosse,poire,10,264
norme,gloire,10,799
score,gamme,11,1479
poire,griffe,10,124
bouc,ongle,10,491
phoque,huile,10,436
cible,ski,10,175
firme,suite,10,478
siècle,perte,12,1770
couette,masque,10,829
truie,graine,10,753
skieur,blé,11,1181
loi,houle,10,407
flûte,aigle,11,1117
centre,spectre,10,794
planche,pieuvre,10,250
cure,quartz,10,311
peine,volt,10,539
rage,gain,11,1502
cube,graine,10,202
fleuve,siège,11,1333
flèche,vitre,10,350
poisse,nacre,10,558
soupe,ski,10,856
dieu,fuite,11,1261
cycle,croupe,10,155
ordre,louange,11,1544
âme,gloire,10,884
poire,main,10,809
grade,goût,12,1740
phase,flot,10,647
fièvre,nacre,11,987
truie,perle,10,358
barbe,grotte,10,713
blé,cage,10,736
cible,skieur,12,1761
dinde,foudre,10,421
trousse,plume,10,854
fouet,boule,11,1055
luge,poule,11,1171
truie,bulle,10,379
dogme,fraude,11,1537
miette,frange,11,1136
joute,membre,10,689
zinc,base,10,661
flèche,sucre,10,325
phase,nacre,10,121
perte,fuite,10,908
hymne,hertz,11,1189
torche,oeil,10,591
stade,ongle,11,1049
âne,phoque,11,1649
drap,fille,11,1442
chèque,nuage,11,1044
cercle,clown,11,1567
slip,luge,10,171
âge,frousse,10,850
grue,aigle,12,1818
chèvre,couette,10,120
membre,onde,10,140
blé,moule,12,1806
script,score,11,1306
timbre,tête,10,710
toast,tronc,11,1320
ligue,transe,10,349
cran,louange,11,1309
spectre,suite,10,276
algue,couette,11,1014
type,zinc,10,402
moule,guêpe,10,897
vase,bague,12,1732
scribe,chrome,10,122
trousse,ruche,10,767
volt,norme,10,480
masque,bulle,10,454
slip,boule,10,905
miette,trèfle,10,149
doute,cycle,11,1510
slip,zèbre,11,1338
gain,crise,12,1804
fraude,rage,12,1797
tête,poule,10,918
cirque,timbre,12,1700
forme,genre,10,632
hâte,lèpre,11,1212
algue,grange,11,1106
tigre,bûche,11,1037
stade,moufle,11,1134
four,grotte,10,414
miette,flèche,12,1676
nuance,nacre,10,455
clan,rôle,11,1650
doute,malt,10,298
coude,grange,10,385
clope,gorge,10,882
muse,clan,12,1743
feutre,cube,11,1203
quête,chrome,11,1486
frange,feuille,10,258
barbe,truite,11,1236
moule,bague,11,1293
poisse,rythme,11,1462
clan,nuance,10,204
bague,aigle,10,621
jupe,tête,10,814
fouet,lièvre,10,527
quartz,brèche,10,529
cloître,base,10,682
thème,gloire,11,1455
laine,rôle,10,128
phoque,bûche,10,137
verbe,fibre,10,143
tort,crise,10,888
cycle,brèche,11,1262
culte,fonte,11,951
pacte,havre,11,1438
gage,dieu,10,786
acte,soin,10,805
lustre,bulle,12,1750
ongle,barbe,11,1604
cancre,havre,11,1135
clou,masque,12,1683
